{
  "inputs": {
    "input0": [
      224,
      224,
      3
    ]
  },
  "outputs": {
    "output0": [
      1,
      1,
      2
    ]
  },
  "params_quantity": 1834514,
  "loss": [
    [
      1,
      0.60293
    ],
    [
      2,
      0.55418
    ],
    [
      3,
      0.5309
    ],
    [
      4,
      0.51031
    ],
    [
      5,
      0.48822
    ],
    [
      6,
      0.47116
    ],
    [
      7,
      0.45096
    ],
    [
      8,
      0.44367
    ],
    [
      9,
      0.42664
    ],
    [
      10,
      0.41067
    ],
    [
      11,
      0.39964
    ],
    [
      12,
      0.38382
    ],
    [
      13,
      0.38089
    ],
    [
      14,
      0.36639
    ],
    [
      15,
      0.35963
    ],
    [
      16,
      0.358
    ],
    [
      17,
      0.34904
    ],
    [
      18,
      0.33944
    ],
    [
      19,
      0.3351
    ],
    [
      20,
      0.33
    ],
    [
      21,
      0.32564
    ],
    [
      22,
      0.32075
    ],
    [
      23,
      0.31358
    ],
    [
      24,
      0.30635
    ],
    [
      25,
      0.30393
    ],
    [
      26,
      0.29986
    ],
    [
      27,
      0.29982
    ],
    [
      28,
      0.29107
    ],
    [
      29,
      0.28825
    ],
    [
      30,
      0.28629
    ],
    [
      31,
      0.27911
    ],
    [
      32,
      0.28259
    ],
    [
      33,
      0.2742
    ],
    [
      34,
      0.27013
    ],
    [
      35,
      0.27022
    ],
    [
      36,
      0.26771
    ],
    [
      37,
      0.26647
    ],
    [
      38,
      0.26328
    ],
    [
      39,
      0.25761
    ],
    [
      40,
      0.25439
    ],
    [
      41,
      0.53802
    ],
    [
      42,
      0.46616
    ],
    [
      43,
      0.42528
    ],
    [
      44,
      0.38293
    ],
    [
      45,
      0.35441
    ],
    [
      46,
      0.34483
    ],
    [
      47,
      0.3087
    ],
    [
      48,
      0.29706
    ],
    [
      49,
      0.28191
    ],
    [
      50,
      0.29379
    ],
    [
      51,
      0.2584
    ],
    [
      52,
      0.2514
    ],
    [
      53,
      0.24
    ],
    [
      54,
      0.24164
    ],
    [
      55,
      0.22151
    ],
    [
      56,
      0.22189
    ],
    [
      57,
      0.20534
    ],
    [
      58,
      0.2166
    ],
    [
      59,
      0.20323
    ],
    [
      60,
      0.21748
    ],
    [
      61,
      0.18987
    ],
    [
      62,
      0.18631
    ],
    [
      63,
      0.21484
    ],
    [
      64,
      0.16701
    ],
    [
      65,
      0.15876
    ],
    [
      66,
      0.16614
    ],
    [
      67,
      0.16707
    ],
    [
      68,
      0.16157
    ],
    [
      69,
      0.15071
    ],
    [
      70,
      0.15161
    ],
    [
      71,
      0.15899
    ],
    [
      72,
      0.15114
    ],
    [
      73,
      0.14266
    ],
    [
      74,
      0.1467
    ],
    [
      75,
      0.15327
    ],
    [
      76,
      0.13923
    ],
    [
      77,
      0.14349
    ],
    [
      78,
      0.14577
    ],
    [
      79,
      0.14934
    ],
    [
      80,
      0.13651
    ],
    [
      81,
      0.13993
    ],
    [
      82,
      0.12265
    ],
    [
      83,
      0.13478
    ],
    [
      84,
      0.12101
    ],
    [
      85,
      0.14229
    ],
    [
      86,
      0.12177
    ],
    [
      87,
      0.12451
    ],
    [
      88,
      0.13455
    ],
    [
      89,
      0.11999
    ],
    [
      90,
      0.13899
    ],
    [
      91,
      0.13005
    ],
    [
      92,
      0.1164
    ],
    [
      93,
      0.12291
    ],
    [
      94,
      0.12527
    ],
    [
      95,
      0.11806
    ],
    [
      96,
      0.11607
    ],
    [
      97,
      0.10693
    ],
    [
      98,
      0.12055
    ],
    [
      99,
      0.10068
    ],
    [
      100,
      0.11081
    ]
  ],
  "acc": [
    [
      1,
      0.66883
    ],
    [
      2,
      0.72403
    ],
    [
      3,
      0.73701
    ],
    [
      4,
      0.77922
    ],
    [
      5,
      0.80195
    ],
    [
      6,
      0.82468
    ],
    [
      7,
      0.84091
    ],
    [
      8,
      0.8539
    ],
    [
      9,
      0.86039
    ],
    [
      10,
      0.87662
    ],
    [
      11,
      0.87662
    ],
    [
      12,
      0.87987
    ],
    [
      13,
      0.8961
    ],
    [
      14,
      0.89935
    ],
    [
      15,
      0.90584
    ],
    [
      16,
      0.89935
    ],
    [
      17,
      0.92208
    ],
    [
      18,
      0.90909
    ],
    [
      19,
      0.92208
    ],
    [
      20,
      0.92857
    ],
    [
      21,
      0.91883
    ],
    [
      22,
      0.93182
    ],
    [
      23,
      0.93506
    ],
    [
      24,
      0.94156
    ],
    [
      25,
      0.93506
    ],
    [
      26,
      0.92532
    ],
    [
      27,
      0.93506
    ],
    [
      28,
      0.94481
    ],
    [
      29,
      0.94805
    ],
    [
      30,
      0.93506
    ],
    [
      31,
      0.9513
    ],
    [
      32,
      0.93506
    ],
    [
      33,
      0.94481
    ],
    [
      34,
      0.94481
    ],
    [
      35,
      0.94481
    ],
    [
      36,
      0.9513
    ],
    [
      37,
      0.94805
    ],
    [
      38,
      0.9513
    ],
    [
      39,
      0.95455
    ],
    [
      40,
      0.95455
    ],
    [
      41,
      0.72078
    ],
    [
      42,
      0.81494
    ],
    [
      43,
      0.88961
    ],
    [
      44,
      0.9026
    ],
    [
      45,
      0.93506
    ],
    [
      46,
      0.94156
    ],
    [
      47,
      0.95455
    ],
    [
      48,
      0.95455
    ],
    [
      49,
      0.95779
    ],
    [
      50,
      0.95455
    ],
    [
      51,
      0.96753
    ],
    [
      52,
      0.97078
    ],
    [
      53,
      0.97078
    ],
    [
      54,
      0.98377
    ],
    [
      55,
      0.98377
    ],
    [
      56,
      0.98052
    ],
    [
      57,
      0.98377
    ],
    [
      58,
      0.97078
    ],
    [
      59,
      0.98701
    ],
    [
      60,
      0.97727
    ],
    [
      61,
      0.98701
    ],
    [
      62,
      0.98052
    ],
    [
      63,
      0.98052
    ],
    [
      64,
      0.99026
    ],
    [
      65,
      0.99026
    ],
    [
      66,
      0.99026
    ],
    [
      67,
      0.99026
    ],
    [
      68,
      0.98377
    ],
    [
      69,
      0.99026
    ],
    [
      70,
      0.99026
    ],
    [
      71,
      0.99351
    ],
    [
      72,
      0.99351
    ],
    [
      73,
      1.0
    ],
    [
      74,
      0.99351
    ],
    [
      75,
      0.99026
    ],
    [
      76,
      0.99675
    ],
    [
      77,
      0.98701
    ],
    [
      78,
      0.98377
    ],
    [
      79,
      0.99351
    ],
    [
      80,
      1.0
    ],
    [
      81,
      0.98052
    ],
    [
      82,
      0.99675
    ],
    [
      83,
      0.99351
    ],
    [
      84,
      1.0
    ],
    [
      85,
      0.98377
    ],
    [
      86,
      0.99675
    ],
    [
      87,
      0.99026
    ],
    [
      88,
      0.99675
    ],
    [
      89,
      0.99675
    ],
    [
      90,
      0.99351
    ],
    [
      91,
      0.99351
    ],
    [
      92,
      0.99675
    ],
    [
      93,
      0.99675
    ],
    [
      94,
      0.99675
    ],
    [
      95,
      0.99675
    ],
    [
      96,
      0.99675
    ],
    [
      97,
      1.0
    ],
    [
      98,
      0.99675
    ],
    [
      99,
      0.99675
    ],
    [
      100,
      0.99675
    ]
  ],